--
-- PostgreSQL database dump
--

-- Dumped from database version 17.4
-- Dumped by pg_dump version 17.4

SET statement_timeout = 0;
SET lock_timeout = 0;
SET idle_in_transaction_session_timeout = 0;
SET transaction_timeout = 0;
SET client_encoding = 'UTF8';
SET standard_conforming_strings = on;
SELECT pg_catalog.set_config('search_path', '', false);
SET check_function_bodies = false;
SET xmloption = content;
SET client_min_messages = warning;
SET row_security = off;

SET default_tablespace = '';

SET default_table_access_method = heap;

--
-- Name: Alert; Type: TABLE; Schema: public; Owner: postgres
--

CREATE TABLE public."Alert" (
    id integer NOT NULL,
    server_id integer NOT NULL,
    alert_type character varying(20) NOT NULL,
    "timestamp" timestamp with time zone DEFAULT now(),
    note text,
    CONSTRAINT alert_type CHECK (((alert_type)::text = ANY ((ARRAY['critical'::character varying, 'medium'::character varying, 'low'::character varying])::text[])))
);


ALTER TABLE public."Alert" OWNER TO postgres;

--
-- Name: Alert_id_seq; Type: SEQUENCE; Schema: public; Owner: postgres
--

CREATE SEQUENCE public."Alert_id_seq"
    AS integer
    START WITH 1
    INCREMENT BY 1
    NO MINVALUE
    NO MAXVALUE
    CACHE 1;


ALTER SEQUENCE public."Alert_id_seq" OWNER TO postgres;

--
-- Name: Alert_id_seq; Type: SEQUENCE OWNED BY; Schema: public; Owner: postgres
--

ALTER SEQUENCE public."Alert_id_seq" OWNED BY public."Alert".id;


--
-- Name: Metric; Type: TABLE; Schema: public; Owner: postgres
--

CREATE TABLE public."Metric" (
    id integer NOT NULL,
    server_id integer NOT NULL,
    cpu_usage double precision NOT NULL,
    ram_usage double precision NOT NULL,
    disk_usage double precision NOT NULL,
    app_usage double precision NOT NULL
);


ALTER TABLE public."Metric" OWNER TO postgres;

--
-- Name: Metric_id_seq; Type: SEQUENCE; Schema: public; Owner: postgres
--

CREATE SEQUENCE public."Metric_id_seq"
    AS integer
    START WITH 1
    INCREMENT BY 1
    NO MINVALUE
    NO MAXVALUE
    CACHE 1;


ALTER SEQUENCE public."Metric_id_seq" OWNER TO postgres;

--
-- Name: Metric_id_seq; Type: SEQUENCE OWNED BY; Schema: public; Owner: postgres
--

ALTER SEQUENCE public."Metric_id_seq" OWNED BY public."Metric".id;


--
-- Name: Server; Type: TABLE; Schema: public; Owner: postgres
--

CREATE TABLE public."Server" (
    id integer NOT NULL,
    name character varying(255) NOT NULL,
    ip_add inet NOT NULL,
    status character varying(20) NOT NULL,
    last_checker timestamp with time zone DEFAULT now(),
    CONSTRAINT status CHECK (((status)::text = ANY ((ARRAY['active'::character varying, 'down'::character varying])::text[])))
);


ALTER TABLE public."Server" OWNER TO postgres;

--
-- Name: Server_id_seq; Type: SEQUENCE; Schema: public; Owner: postgres
--

CREATE SEQUENCE public."Server_id_seq"
    AS integer
    START WITH 1
    INCREMENT BY 1
    NO MINVALUE
    NO MAXVALUE
    CACHE 1;


ALTER SEQUENCE public."Server_id_seq" OWNER TO postgres;

--
-- Name: Server_id_seq; Type: SEQUENCE OWNED BY; Schema: public; Owner: postgres
--

ALTER SEQUENCE public."Server_id_seq" OWNED BY public."Server".id;


--
-- Name: auth_group; Type: TABLE; Schema: public; Owner: postgres
--

CREATE TABLE public.auth_group (
    id integer NOT NULL,
    name character varying(150) NOT NULL
);


ALTER TABLE public.auth_group OWNER TO postgres;

--
-- Name: auth_group_id_seq; Type: SEQUENCE; Schema: public; Owner: postgres
--

ALTER TABLE public.auth_group ALTER COLUMN id ADD GENERATED BY DEFAULT AS IDENTITY (
    SEQUENCE NAME public.auth_group_id_seq
    START WITH 1
    INCREMENT BY 1
    NO MINVALUE
    NO MAXVALUE
    CACHE 1
);


--
-- Name: auth_group_permissions; Type: TABLE; Schema: public; Owner: postgres
--

CREATE TABLE public.auth_group_permissions (
    id bigint NOT NULL,
    group_id integer NOT NULL,
    permission_id integer NOT NULL
);


ALTER TABLE public.auth_group_permissions OWNER TO postgres;

--
-- Name: auth_group_permissions_id_seq; Type: SEQUENCE; Schema: public; Owner: postgres
--

ALTER TABLE public.auth_group_permissions ALTER COLUMN id ADD GENERATED BY DEFAULT AS IDENTITY (
    SEQUENCE NAME public.auth_group_permissions_id_seq
    START WITH 1
    INCREMENT BY 1
    NO MINVALUE
    NO MAXVALUE
    CACHE 1
);


--
-- Name: auth_permission; Type: TABLE; Schema: public; Owner: postgres
--

CREATE TABLE public.auth_permission (
    id integer NOT NULL,
    name character varying(255) NOT NULL,
    content_type_id integer NOT NULL,
    codename character varying(100) NOT NULL
);


ALTER TABLE public.auth_permission OWNER TO postgres;

--
-- Name: auth_permission_id_seq; Type: SEQUENCE; Schema: public; Owner: postgres
--

ALTER TABLE public.auth_permission ALTER COLUMN id ADD GENERATED BY DEFAULT AS IDENTITY (
    SEQUENCE NAME public.auth_permission_id_seq
    START WITH 1
    INCREMENT BY 1
    NO MINVALUE
    NO MAXVALUE
    CACHE 1
);


--
-- Name: auth_user; Type: TABLE; Schema: public; Owner: postgres
--

CREATE TABLE public.auth_user (
    id integer NOT NULL,
    password character varying(128) NOT NULL,
    last_login timestamp with time zone,
    is_superuser boolean NOT NULL,
    username character varying(150) NOT NULL,
    first_name character varying(150) NOT NULL,
    last_name character varying(150) NOT NULL,
    email character varying(254) NOT NULL,
    is_staff boolean NOT NULL,
    is_active boolean NOT NULL,
    date_joined timestamp with time zone NOT NULL
);


ALTER TABLE public.auth_user OWNER TO postgres;

--
-- Name: auth_user_groups; Type: TABLE; Schema: public; Owner: postgres
--

CREATE TABLE public.auth_user_groups (
    id bigint NOT NULL,
    user_id integer NOT NULL,
    group_id integer NOT NULL
);


ALTER TABLE public.auth_user_groups OWNER TO postgres;

--
-- Name: auth_user_groups_id_seq; Type: SEQUENCE; Schema: public; Owner: postgres
--

ALTER TABLE public.auth_user_groups ALTER COLUMN id ADD GENERATED BY DEFAULT AS IDENTITY (
    SEQUENCE NAME public.auth_user_groups_id_seq
    START WITH 1
    INCREMENT BY 1
    NO MINVALUE
    NO MAXVALUE
    CACHE 1
);


--
-- Name: auth_user_id_seq; Type: SEQUENCE; Schema: public; Owner: postgres
--

ALTER TABLE public.auth_user ALTER COLUMN id ADD GENERATED BY DEFAULT AS IDENTITY (
    SEQUENCE NAME public.auth_user_id_seq
    START WITH 1
    INCREMENT BY 1
    NO MINVALUE
    NO MAXVALUE
    CACHE 1
);


--
-- Name: auth_user_user_permissions; Type: TABLE; Schema: public; Owner: postgres
--

CREATE TABLE public.auth_user_user_permissions (
    id bigint NOT NULL,
    user_id integer NOT NULL,
    permission_id integer NOT NULL
);


ALTER TABLE public.auth_user_user_permissions OWNER TO postgres;

--
-- Name: auth_user_user_permissions_id_seq; Type: SEQUENCE; Schema: public; Owner: postgres
--

ALTER TABLE public.auth_user_user_permissions ALTER COLUMN id ADD GENERATED BY DEFAULT AS IDENTITY (
    SEQUENCE NAME public.auth_user_user_permissions_id_seq
    START WITH 1
    INCREMENT BY 1
    NO MINVALUE
    NO MAXVALUE
    CACHE 1
);


--
-- Name: django_admin_log; Type: TABLE; Schema: public; Owner: postgres
--

CREATE TABLE public.django_admin_log (
    id integer NOT NULL,
    action_time timestamp with time zone NOT NULL,
    object_id text,
    object_repr character varying(200) NOT NULL,
    action_flag smallint NOT NULL,
    change_message text NOT NULL,
    content_type_id integer,
    user_id integer NOT NULL,
    CONSTRAINT django_admin_log_action_flag_check CHECK ((action_flag >= 0))
);


ALTER TABLE public.django_admin_log OWNER TO postgres;

--
-- Name: django_admin_log_id_seq; Type: SEQUENCE; Schema: public; Owner: postgres
--

ALTER TABLE public.django_admin_log ALTER COLUMN id ADD GENERATED BY DEFAULT AS IDENTITY (
    SEQUENCE NAME public.django_admin_log_id_seq
    START WITH 1
    INCREMENT BY 1
    NO MINVALUE
    NO MAXVALUE
    CACHE 1
);


--
-- Name: django_content_type; Type: TABLE; Schema: public; Owner: postgres
--

CREATE TABLE public.django_content_type (
    id integer NOT NULL,
    app_label character varying(100) NOT NULL,
    model character varying(100) NOT NULL
);


ALTER TABLE public.django_content_type OWNER TO postgres;

--
-- Name: django_content_type_id_seq; Type: SEQUENCE; Schema: public; Owner: postgres
--

ALTER TABLE public.django_content_type ALTER COLUMN id ADD GENERATED BY DEFAULT AS IDENTITY (
    SEQUENCE NAME public.django_content_type_id_seq
    START WITH 1
    INCREMENT BY 1
    NO MINVALUE
    NO MAXVALUE
    CACHE 1
);


--
-- Name: django_migrations; Type: TABLE; Schema: public; Owner: postgres
--

CREATE TABLE public.django_migrations (
    id bigint NOT NULL,
    app character varying(255) NOT NULL,
    name character varying(255) NOT NULL,
    applied timestamp with time zone NOT NULL
);


ALTER TABLE public.django_migrations OWNER TO postgres;

--
-- Name: django_migrations_id_seq; Type: SEQUENCE; Schema: public; Owner: postgres
--

ALTER TABLE public.django_migrations ALTER COLUMN id ADD GENERATED BY DEFAULT AS IDENTITY (
    SEQUENCE NAME public.django_migrations_id_seq
    START WITH 1
    INCREMENT BY 1
    NO MINVALUE
    NO MAXVALUE
    CACHE 1
);


--
-- Name: django_session; Type: TABLE; Schema: public; Owner: postgres
--

CREATE TABLE public.django_session (
    session_key character varying(40) NOT NULL,
    session_data text NOT NULL,
    expire_date timestamp with time zone NOT NULL
);


ALTER TABLE public.django_session OWNER TO postgres;

--
-- Name: monitor_alert; Type: TABLE; Schema: public; Owner: postgres
--

CREATE TABLE public.monitor_alert (
    id bigint NOT NULL,
    alert_type character varying(20) NOT NULL,
    "timestamp" timestamp with time zone NOT NULL,
    note text NOT NULL,
    server_id bigint NOT NULL
);


ALTER TABLE public.monitor_alert OWNER TO postgres;

--
-- Name: monitor_alert_id_seq; Type: SEQUENCE; Schema: public; Owner: postgres
--

ALTER TABLE public.monitor_alert ALTER COLUMN id ADD GENERATED BY DEFAULT AS IDENTITY (
    SEQUENCE NAME public.monitor_alert_id_seq
    START WITH 1
    INCREMENT BY 1
    NO MINVALUE
    NO MAXVALUE
    CACHE 1
);


--
-- Name: monitor_metric; Type: TABLE; Schema: public; Owner: postgres
--

CREATE TABLE public.monitor_metric (
    id bigint NOT NULL,
    cpu_usage double precision NOT NULL,
    ram_usage double precision NOT NULL,
    disk_usage double precision NOT NULL,
    app_usage double precision NOT NULL,
    server_id bigint NOT NULL
);


ALTER TABLE public.monitor_metric OWNER TO postgres;

--
-- Name: monitor_metric_id_seq; Type: SEQUENCE; Schema: public; Owner: postgres
--

ALTER TABLE public.monitor_metric ALTER COLUMN id ADD GENERATED BY DEFAULT AS IDENTITY (
    SEQUENCE NAME public.monitor_metric_id_seq
    START WITH 1
    INCREMENT BY 1
    NO MINVALUE
    NO MAXVALUE
    CACHE 1
);


--
-- Name: monitor_server; Type: TABLE; Schema: public; Owner: postgres
--

CREATE TABLE public.monitor_server (
    id bigint NOT NULL,
    name character varying(255) NOT NULL,
    ip_add inet NOT NULL,
    status character varying(20) NOT NULL,
    last_checked timestamp with time zone NOT NULL
);


ALTER TABLE public.monitor_server OWNER TO postgres;

--
-- Name: monitor_server_id_seq; Type: SEQUENCE; Schema: public; Owner: postgres
--

ALTER TABLE public.monitor_server ALTER COLUMN id ADD GENERATED BY DEFAULT AS IDENTITY (
    SEQUENCE NAME public.monitor_server_id_seq
    START WITH 1
    INCREMENT BY 1
    NO MINVALUE
    NO MAXVALUE
    CACHE 1
);


--
-- Name: Alert id; Type: DEFAULT; Schema: public; Owner: postgres
--

ALTER TABLE ONLY public."Alert" ALTER COLUMN id SET DEFAULT nextval('public."Alert_id_seq"'::regclass);


--
-- Name: Metric id; Type: DEFAULT; Schema: public; Owner: postgres
--

ALTER TABLE ONLY public."Metric" ALTER COLUMN id SET DEFAULT nextval('public."Metric_id_seq"'::regclass);


--
-- Name: Server id; Type: DEFAULT; Schema: public; Owner: postgres
--

ALTER TABLE ONLY public."Server" ALTER COLUMN id SET DEFAULT nextval('public."Server_id_seq"'::regclass);


--
-- Data for Name: Alert; Type: TABLE DATA; Schema: public; Owner: postgres
--

COPY public."Alert" (id, server_id, alert_type, "timestamp", note) FROM stdin;
\.


--
-- Data for Name: Metric; Type: TABLE DATA; Schema: public; Owner: postgres
--

COPY public."Metric" (id, server_id, cpu_usage, ram_usage, disk_usage, app_usage) FROM stdin;
\.


--
-- Data for Name: Server; Type: TABLE DATA; Schema: public; Owner: postgres
--

COPY public."Server" (id, name, ip_add, status, last_checker) FROM stdin;
\.


--
-- Data for Name: auth_group; Type: TABLE DATA; Schema: public; Owner: postgres
--

COPY public.auth_group (id, name) FROM stdin;
\.


--
-- Data for Name: auth_group_permissions; Type: TABLE DATA; Schema: public; Owner: postgres
--

COPY public.auth_group_permissions (id, group_id, permission_id) FROM stdin;
\.


--
-- Data for Name: auth_permission; Type: TABLE DATA; Schema: public; Owner: postgres
--

COPY public.auth_permission (id, name, content_type_id, codename) FROM stdin;
1	Can add server	1	add_server
2	Can change server	1	change_server
3	Can delete server	1	delete_server
4	Can view server	1	view_server
5	Can add alert	2	add_alert
6	Can change alert	2	change_alert
7	Can delete alert	2	delete_alert
8	Can view alert	2	view_alert
9	Can add metric	3	add_metric
10	Can change metric	3	change_metric
11	Can delete metric	3	delete_metric
12	Can view metric	3	view_metric
13	Can add log entry	4	add_logentry
14	Can change log entry	4	change_logentry
15	Can delete log entry	4	delete_logentry
16	Can view log entry	4	view_logentry
17	Can add permission	5	add_permission
18	Can change permission	5	change_permission
19	Can delete permission	5	delete_permission
20	Can view permission	5	view_permission
21	Can add group	6	add_group
22	Can change group	6	change_group
23	Can delete group	6	delete_group
24	Can view group	6	view_group
25	Can add user	7	add_user
26	Can change user	7	change_user
27	Can delete user	7	delete_user
28	Can view user	7	view_user
29	Can add content type	8	add_contenttype
30	Can change content type	8	change_contenttype
31	Can delete content type	8	delete_contenttype
32	Can view content type	8	view_contenttype
33	Can add session	9	add_session
34	Can change session	9	change_session
35	Can delete session	9	delete_session
36	Can view session	9	view_session
\.


--
-- Data for Name: auth_user; Type: TABLE DATA; Schema: public; Owner: postgres
--

COPY public.auth_user (id, password, last_login, is_superuser, username, first_name, last_name, email, is_staff, is_active, date_joined) FROM stdin;
\.


--
-- Data for Name: auth_user_groups; Type: TABLE DATA; Schema: public; Owner: postgres
--

COPY public.auth_user_groups (id, user_id, group_id) FROM stdin;
\.


--
-- Data for Name: auth_user_user_permissions; Type: TABLE DATA; Schema: public; Owner: postgres
--

COPY public.auth_user_user_permissions (id, user_id, permission_id) FROM stdin;
\.


--
-- Data for Name: django_admin_log; Type: TABLE DATA; Schema: public; Owner: postgres
--

COPY public.django_admin_log (id, action_time, object_id, object_repr, action_flag, change_message, content_type_id, user_id) FROM stdin;
\.


--
-- Data for Name: django_content_type; Type: TABLE DATA; Schema: public; Owner: postgres
--

COPY public.django_content_type (id, app_label, model) FROM stdin;
1	monitor	server
2	monitor	alert
3	monitor	metric
4	admin	logentry
5	auth	permission
6	auth	group
7	auth	user
8	contenttypes	contenttype
9	sessions	session
\.


--
-- Data for Name: django_migrations; Type: TABLE DATA; Schema: public; Owner: postgres
--

COPY public.django_migrations (id, app, name, applied) FROM stdin;
1	contenttypes	0001_initial	2025-04-18 04:07:08.426688+05:30
2	auth	0001_initial	2025-04-18 04:07:08.492546+05:30
3	admin	0001_initial	2025-04-18 04:07:08.510581+05:30
4	admin	0002_logentry_remove_auto_add	2025-04-18 04:07:08.516908+05:30
5	admin	0003_logentry_add_action_flag_choices	2025-04-18 04:07:08.523159+05:30
6	contenttypes	0002_remove_content_type_name	2025-04-18 04:07:08.539255+05:30
7	auth	0002_alter_permission_name_max_length	2025-04-18 04:07:08.545428+05:30
8	auth	0003_alter_user_email_max_length	2025-04-18 04:07:08.550996+05:30
9	auth	0004_alter_user_username_opts	2025-04-18 04:07:08.556013+05:30
10	auth	0005_alter_user_last_login_null	2025-04-18 04:07:08.563736+05:30
11	auth	0006_require_contenttypes_0002	2025-04-18 04:07:08.564787+05:30
12	auth	0007_alter_validators_add_error_messages	2025-04-18 04:07:08.572019+05:30
13	auth	0008_alter_user_username_max_length	2025-04-18 04:07:08.581523+05:30
14	auth	0009_alter_user_last_name_max_length	2025-04-18 04:07:08.58832+05:30
15	auth	0010_alter_group_name_max_length	2025-04-18 04:07:08.594639+05:30
16	auth	0011_update_proxy_permissions	2025-04-18 04:07:08.599786+05:30
17	auth	0012_alter_user_first_name_max_length	2025-04-18 04:07:08.608592+05:30
18	monitor	0001_initial	2025-04-18 04:07:08.625131+05:30
19	monitor	0002_rename_server_alert_server_and_more	2025-04-18 04:07:08.667416+05:30
20	sessions	0001_initial	2025-04-18 04:07:08.677739+05:30
\.


--
-- Data for Name: django_session; Type: TABLE DATA; Schema: public; Owner: postgres
--

COPY public.django_session (session_key, session_data, expire_date) FROM stdin;
\.


--
-- Data for Name: monitor_alert; Type: TABLE DATA; Schema: public; Owner: postgres
--

COPY public.monitor_alert (id, alert_type, "timestamp", note, server_id) FROM stdin;
1	low	2025-04-18 04:38:18.742346+05:30	After population some require child nation minute.	6
2	medium	2025-04-18 04:38:18.744579+05:30	Remember nice mind.	6
3	medium	2025-04-18 04:38:18.748315+05:30	Break stock good friend especially contain understand.	7
4	low	2025-04-18 04:38:18.74951+05:30	Form teacher history alone reality almost compare.	7
5	low	2025-04-18 04:38:18.753094+05:30	Start officer set station like left product.	8
6	medium	2025-04-18 04:38:18.754219+05:30	Think their school style tax.	8
7	low	2025-04-18 04:38:18.758794+05:30	Image wind town rate.	9
8	low	2025-04-18 04:38:18.759292+05:30	Food forget may including course.	9
9	medium	2025-04-18 04:38:18.761954+05:30	Order type act.	10
10	critical	2025-04-18 04:38:18.761954+05:30	Leg low degree industry.	10
11	medium	2025-04-18 04:38:29.280369+05:30	Become guy yourself.	11
12	low	2025-04-18 04:38:29.28161+05:30	Commercial both site seek job writer morning.	11
13	critical	2025-04-18 04:38:29.283609+05:30	Up commercial you sound.	12
14	medium	2025-04-18 04:38:29.284704+05:30	Various mouth operation score behavior ever student.	12
15	medium	2025-04-18 04:38:29.289581+05:30	Art Mr claim civil.	13
16	critical	2025-04-18 04:38:29.290135+05:30	Western operation sign environmental travel give.	13
17	medium	2025-04-18 04:38:29.292762+05:30	Make too involve into.	14
18	low	2025-04-18 04:38:29.29336+05:30	Appear especially cover Republican his.	14
19	low	2025-04-18 04:38:29.296011+05:30	Both realize itself reduce.	15
20	medium	2025-04-18 04:38:29.296502+05:30	Mr citizen energy later individual child where as.	15
21	low	2025-04-18 04:40:08.049573+05:30	Wear spring season hit effort share.	16
22	critical	2025-04-18 04:40:08.050633+05:30	Look shake law stuff.	16
23	low	2025-04-18 04:40:08.054384+05:30	Score again station full industry financial true.	17
24	low	2025-04-18 04:40:08.055719+05:30	Rule arrive drive shake food glass wrong.	17
25	low	2025-04-18 04:40:08.061231+05:30	What rate use itself entire approach along never.	18
26	low	2025-04-18 04:40:08.061826+05:30	Image require character several expert growth deal.	18
27	low	2025-04-18 04:40:08.064824+05:30	Former away customer cut.	19
28	medium	2025-04-18 04:40:08.065823+05:30	Enter form music stage seem.	19
29	low	2025-04-18 04:40:08.068653+05:30	Area born community lawyer nothing.	20
30	low	2025-04-18 04:40:08.06917+05:30	Idea nothing system of.	20
31	medium	2025-04-18 04:41:56.390517+05:30	Protect ago style degree animal difficult likely low.	21
32	low	2025-04-18 04:41:56.391712+05:30	Of water carry instead also.	21
33	medium	2025-04-18 04:41:56.394756+05:30	Together almost American reach.	22
34	critical	2025-04-18 04:41:56.395317+05:30	Audience city region arrive continue during.	22
35	critical	2025-04-18 04:41:56.399556+05:30	Quality visit purpose the.	23
36	critical	2025-04-18 04:41:56.400155+05:30	Enjoy item report radio ability moment remember.	23
37	critical	2025-04-18 04:41:56.403036+05:30	Once land second understand better which.	24
38	low	2025-04-18 04:41:56.403561+05:30	Pass year arrive wonder chair.	24
39	medium	2025-04-18 04:41:56.406222+05:30	Fire ok increase.	25
40	low	2025-04-18 04:41:56.406714+05:30	Age get statement statement enter federal.	25
\.


--
-- Data for Name: monitor_metric; Type: TABLE DATA; Schema: public; Owner: postgres
--

COPY public.monitor_metric (id, cpu_usage, ram_usage, disk_usage, app_usage, server_id) FROM stdin;
1	17.063652494152812	88.13878066114619	74.35344029451592	40.71653951498934	6
2	41.85440070633069	50.56500499111223	88.39717187336413	20.72897740787478	6
3	24.5732633152343	79.69153104287112	38.997504531522424	83.20480556418269	6
4	73.79716414604374	29.88300903076074	16.61969594726972	61.3041374368278	7
5	16.46468046097781	51.972543650541134	64.35656499315895	75.3948588003295	7
6	18.0507371317241	46.921795730778996	87.54537752669019	12.035339658912738	7
7	65.66736325361526	57.752324099096384	21.34569803109759	50.91421328285576	8
8	36.019700298359005	17.866518362343513	37.310563064873264	76.54354707204577	8
9	61.95479196712358	22.982767624723444	53.30463427464095	21.99143260917884	8
10	88.01710718379636	31.477031352526062	65.23522106567694	14.630467259778124	9
11	62.15652190363076	22.263572994501388	87.97447603449177	40.35807391247361	9
12	50.924945389071254	39.87287549335967	78.78540438783008	39.943697276561885	9
13	10.176675862180389	40.32419906581105	84.61889678964798	77.98971978492665	10
14	79.77686006971035	87.15962383081012	17.19634479761335	28.20911425312996	10
15	55.34537488217482	51.221970690203314	38.43172549678115	32.28754350472309	10
16	32.348885530433485	63.98646475529239	53.57661444813718	16.196322782559438	11
17	34.229550124344435	38.111156907347606	40.07740219706893	83.564850897159	11
18	14.663752292715166	31.92331088811003	63.67418993802404	44.537041210471315	11
19	89.6766798684261	54.03836057004236	61.916437284279304	63.431504846801865	12
20	42.47575557198929	23.987880227716374	41.57583153835341	69.52583012015823	12
21	14.91824980735263	69.51994531819356	80.38516719109653	68.32647220562043	12
22	66.72093394630016	84.99325530153605	60.51943665244623	58.16378642310474	13
23	33.115002501211805	82.72595542939001	73.24603430923455	74.78744276180758	13
24	35.38325006573267	38.74155739834451	49.53230657284599	54.144697646756235	13
25	51.63957833109018	88.32578751635634	46.39245735614811	11.10001400235011	14
26	57.88353454111345	24.059912858496535	79.3986878373934	14.008258198524208	14
27	46.312576104273965	41.25659640089599	46.03757203625321	56.892925659405094	14
28	45.81846757808659	45.7807091249247	57.519670482530984	34.675248483157326	15
29	15.860902502368521	42.69103395482407	49.953558371514475	76.01908687031612	15
30	29.713896898655	21.91687569190215	53.340121121461486	27.496212802108673	15
31	75.17185666802818	48.08196527064421	56.11541053771443	84.4949619406152	16
32	17.852544087602187	41.29811081888826	71.25337527710589	70.84382779034115	16
33	40.18090201262132	69.47250301779812	86.48931717961085	86.75061313952021	16
34	43.58890291179605	32.278093454823676	32.771207344794504	34.80532425469911	17
35	43.008501766947234	65.38773057906171	16.786839995740888	86.93719281426542	17
36	33.21325740209291	50.84119914216046	18.289700465980097	49.34521349372436	17
37	34.89365217328482	75.45817650346979	18.482373723863308	85.22917901928047	18
38	74.1919578670907	34.68293251695188	22.022551608879112	72.204207069827	18
39	18.033730158803536	88.29193765894745	39.281083682208035	35.054343843211086	18
40	46.17736964385634	12.768192478809448	56.19112721715253	40.55125030667223	19
41	63.90269519857489	60.064551596549975	23.764872402466104	76.6382555558031	19
42	88.18234203656931	60.83945203506306	18.128320910203648	49.02782679308469	19
43	53.048493455653755	88.247362299776	24.651425336106882	19.253983351652373	20
44	36.496627738204566	15.662390936818564	17.993770759520665	67.8103884627836	20
45	57.26545937455856	62.35208698481504	74.44555977677952	81.34322247725144	20
46	33.98822876001266	42.592188326717945	85.20332935140472	19.52444821193641	21
47	53.79544255879593	15.219349429674649	22.754448671416093	27.987212347666535	21
48	63.29808686128735	52.31767899171742	79.84095485584217	11.112061844237324	21
49	36.20238595327773	86.90670146133166	34.24146154741528	47.18191129864154	22
50	65.55257282331287	23.709624014262545	58.1104511068369	43.62793375863618	22
51	59.261305941020055	66.87870572904171	35.63837933290724	60.14700321074769	22
52	81.93279680865218	32.85841513037969	59.686643647008275	41.206558591039446	23
53	42.65955919446844	37.29235172226092	24.89383662967093	73.08237959292468	23
54	25.22780664931167	53.635422008992066	54.88603850055365	32.171412024091936	23
55	40.94165106649236	68.53782918250724	32.61926590810384	20.065537746046928	24
56	48.77392090075287	21.13066461683628	33.74755446131155	14.136689562349911	24
57	27.193279117434077	24.411011679330024	25.52153151402239	52.62140263707223	24
58	53.1324757751064	50.70386795124897	16.41582739054556	71.01828357239299	25
59	82.89750535893967	37.69059297115494	69.22092106409593	61.16046768153136	25
60	21.373298613139767	59.86828695537989	71.51580229106483	72.88432540912474	25
\.


--
-- Data for Name: monitor_server; Type: TABLE DATA; Schema: public; Owner: postgres
--

COPY public.monitor_server (id, name, ip_add, status, last_checked) FROM stdin;
1	Scott-Carrillo	140.123.75.92	active	2025-04-18 04:37:49.421112+05:30
2	Gibson, Kramer and Fowler	81.183.133.79	active	2025-04-18 04:37:49.431813+05:30
3	Henson and Sons	121.31.168.35	down	2025-04-18 04:37:49.43281+05:30
4	Johnson, Mcbride and Ford	39.128.210.48	active	2025-04-18 04:37:49.434084+05:30
5	Holt-Lewis	81.189.246.77	active	2025-04-18 04:37:49.436366+05:30
6	Duncan LLC	163.169.173.41	down	2025-04-18 04:38:18.732195+05:30
7	Rocha Inc	159.255.157.163	down	2025-04-18 04:38:18.744579+05:30
8	Miller-Gilbert	73.186.56.53	down	2025-04-18 04:38:18.74951+05:30
9	Hicks-Stewart	134.129.2.25	down	2025-04-18 04:38:18.755227+05:30
10	Horne, French and Wilson	92.212.209.79	down	2025-04-18 04:38:18.759807+05:30
11	Wilkerson-Williams	46.111.114.224	active	2025-04-18 04:38:29.277173+05:30
12	Garcia and Sons	105.237.46.89	down	2025-04-18 04:38:29.282042+05:30
13	Powers-Cole	130.51.198.200	active	2025-04-18 04:38:29.286787+05:30
14	Ellis Inc	108.234.221.180	active	2025-04-18 04:38:29.290647+05:30
15	Hodges-Thomas	150.250.195.208	down	2025-04-18 04:38:29.293942+05:30
16	Parker Group	38.15.155.236	active	2025-04-18 04:40:08.04681+05:30
17	Watkins, Dalton and Grimes	133.88.225.174	active	2025-04-18 04:40:08.051937+05:30
18	Morales-Richards	25.151.251.49	active	2025-04-18 04:40:08.056742+05:30
19	Allen, Kane and Maxwell	21.172.147.127	active	2025-04-18 04:40:08.062352+05:30
20	Perkins and Sons	46.79.71.171	active	2025-04-18 04:40:08.066532+05:30
21	Jones Ltd	64.247.125.206	down	2025-04-18 04:41:56.385027+05:30
22	Rocha, Dixon and Chapman	78.117.179.62	down	2025-04-18 04:41:56.392303+05:30
23	Smith-Collins	68.23.158.215	active	2025-04-18 04:41:56.395793+05:30
24	Rodriguez-Warren	149.5.100.129	down	2025-04-18 04:41:56.400787+05:30
25	Taylor, Smith and Medina	111.242.191.251	down	2025-04-18 04:41:56.404085+05:30
\.


--
-- Name: Alert_id_seq; Type: SEQUENCE SET; Schema: public; Owner: postgres
--

SELECT pg_catalog.setval('public."Alert_id_seq"', 1, false);


--
-- Name: Metric_id_seq; Type: SEQUENCE SET; Schema: public; Owner: postgres
--

SELECT pg_catalog.setval('public."Metric_id_seq"', 1, false);


--
-- Name: Server_id_seq; Type: SEQUENCE SET; Schema: public; Owner: postgres
--

SELECT pg_catalog.setval('public."Server_id_seq"', 1, false);


--
-- Name: auth_group_id_seq; Type: SEQUENCE SET; Schema: public; Owner: postgres
--

SELECT pg_catalog.setval('public.auth_group_id_seq', 1, false);


--
-- Name: auth_group_permissions_id_seq; Type: SEQUENCE SET; Schema: public; Owner: postgres
--

SELECT pg_catalog.setval('public.auth_group_permissions_id_seq', 1, false);


--
-- Name: auth_permission_id_seq; Type: SEQUENCE SET; Schema: public; Owner: postgres
--

SELECT pg_catalog.setval('public.auth_permission_id_seq', 36, true);


--
-- Name: auth_user_groups_id_seq; Type: SEQUENCE SET; Schema: public; Owner: postgres
--

SELECT pg_catalog.setval('public.auth_user_groups_id_seq', 1, false);


--
-- Name: auth_user_id_seq; Type: SEQUENCE SET; Schema: public; Owner: postgres
--

SELECT pg_catalog.setval('public.auth_user_id_seq', 1, false);


--
-- Name: auth_user_user_permissions_id_seq; Type: SEQUENCE SET; Schema: public; Owner: postgres
--

SELECT pg_catalog.setval('public.auth_user_user_permissions_id_seq', 1, false);


--
-- Name: django_admin_log_id_seq; Type: SEQUENCE SET; Schema: public; Owner: postgres
--

SELECT pg_catalog.setval('public.django_admin_log_id_seq', 1, false);


--
-- Name: django_content_type_id_seq; Type: SEQUENCE SET; Schema: public; Owner: postgres
--

SELECT pg_catalog.setval('public.django_content_type_id_seq', 9, true);


--
-- Name: django_migrations_id_seq; Type: SEQUENCE SET; Schema: public; Owner: postgres
--

SELECT pg_catalog.setval('public.django_migrations_id_seq', 20, true);


--
-- Name: monitor_alert_id_seq; Type: SEQUENCE SET; Schema: public; Owner: postgres
--

SELECT pg_catalog.setval('public.monitor_alert_id_seq', 40, true);


--
-- Name: monitor_metric_id_seq; Type: SEQUENCE SET; Schema: public; Owner: postgres
--

SELECT pg_catalog.setval('public.monitor_metric_id_seq', 60, true);


--
-- Name: monitor_server_id_seq; Type: SEQUENCE SET; Schema: public; Owner: postgres
--

SELECT pg_catalog.setval('public.monitor_server_id_seq', 25, true);


--
-- Name: Alert Alert_pkey; Type: CONSTRAINT; Schema: public; Owner: postgres
--

ALTER TABLE ONLY public."Alert"
    ADD CONSTRAINT "Alert_pkey" PRIMARY KEY (id);


--
-- Name: Metric Metric_pkey; Type: CONSTRAINT; Schema: public; Owner: postgres
--

ALTER TABLE ONLY public."Metric"
    ADD CONSTRAINT "Metric_pkey" PRIMARY KEY (id);


--
-- Name: Server Server_pkey; Type: CONSTRAINT; Schema: public; Owner: postgres
--

ALTER TABLE ONLY public."Server"
    ADD CONSTRAINT "Server_pkey" PRIMARY KEY (id);


--
-- Name: auth_group auth_group_name_key; Type: CONSTRAINT; Schema: public; Owner: postgres
--

ALTER TABLE ONLY public.auth_group
    ADD CONSTRAINT auth_group_name_key UNIQUE (name);


--
-- Name: auth_group_permissions auth_group_permissions_group_id_permission_id_0cd325b0_uniq; Type: CONSTRAINT; Schema: public; Owner: postgres
--

ALTER TABLE ONLY public.auth_group_permissions
    ADD CONSTRAINT auth_group_permissions_group_id_permission_id_0cd325b0_uniq UNIQUE (group_id, permission_id);


--
-- Name: auth_group_permissions auth_group_permissions_pkey; Type: CONSTRAINT; Schema: public; Owner: postgres
--

ALTER TABLE ONLY public.auth_group_permissions
    ADD CONSTRAINT auth_group_permissions_pkey PRIMARY KEY (id);


--
-- Name: auth_group auth_group_pkey; Type: CONSTRAINT; Schema: public; Owner: postgres
--

ALTER TABLE ONLY public.auth_group
    ADD CONSTRAINT auth_group_pkey PRIMARY KEY (id);


--
-- Name: auth_permission auth_permission_content_type_id_codename_01ab375a_uniq; Type: CONSTRAINT; Schema: public; Owner: postgres
--

ALTER TABLE ONLY public.auth_permission
    ADD CONSTRAINT auth_permission_content_type_id_codename_01ab375a_uniq UNIQUE (content_type_id, codename);


--
-- Name: auth_permission auth_permission_pkey; Type: CONSTRAINT; Schema: public; Owner: postgres
--

ALTER TABLE ONLY public.auth_permission
    ADD CONSTRAINT auth_permission_pkey PRIMARY KEY (id);


--
-- Name: auth_user_groups auth_user_groups_pkey; Type: CONSTRAINT; Schema: public; Owner: postgres
--

ALTER TABLE ONLY public.auth_user_groups
    ADD CONSTRAINT auth_user_groups_pkey PRIMARY KEY (id);


--
-- Name: auth_user_groups auth_user_groups_user_id_group_id_94350c0c_uniq; Type: CONSTRAINT; Schema: public; Owner: postgres
--

ALTER TABLE ONLY public.auth_user_groups
    ADD CONSTRAINT auth_user_groups_user_id_group_id_94350c0c_uniq UNIQUE (user_id, group_id);


--
-- Name: auth_user auth_user_pkey; Type: CONSTRAINT; Schema: public; Owner: postgres
--

ALTER TABLE ONLY public.auth_user
    ADD CONSTRAINT auth_user_pkey PRIMARY KEY (id);


--
-- Name: auth_user_user_permissions auth_user_user_permissions_pkey; Type: CONSTRAINT; Schema: public; Owner: postgres
--

ALTER TABLE ONLY public.auth_user_user_permissions
    ADD CONSTRAINT auth_user_user_permissions_pkey PRIMARY KEY (id);


--
-- Name: auth_user_user_permissions auth_user_user_permissions_user_id_permission_id_14a6b632_uniq; Type: CONSTRAINT; Schema: public; Owner: postgres
--

ALTER TABLE ONLY public.auth_user_user_permissions
    ADD CONSTRAINT auth_user_user_permissions_user_id_permission_id_14a6b632_uniq UNIQUE (user_id, permission_id);


--
-- Name: auth_user auth_user_username_key; Type: CONSTRAINT; Schema: public; Owner: postgres
--

ALTER TABLE ONLY public.auth_user
    ADD CONSTRAINT auth_user_username_key UNIQUE (username);


--
-- Name: django_admin_log django_admin_log_pkey; Type: CONSTRAINT; Schema: public; Owner: postgres
--

ALTER TABLE ONLY public.django_admin_log
    ADD CONSTRAINT django_admin_log_pkey PRIMARY KEY (id);


--
-- Name: django_content_type django_content_type_app_label_model_76bd3d3b_uniq; Type: CONSTRAINT; Schema: public; Owner: postgres
--

ALTER TABLE ONLY public.django_content_type
    ADD CONSTRAINT django_content_type_app_label_model_76bd3d3b_uniq UNIQUE (app_label, model);


--
-- Name: django_content_type django_content_type_pkey; Type: CONSTRAINT; Schema: public; Owner: postgres
--

ALTER TABLE ONLY public.django_content_type
    ADD CONSTRAINT django_content_type_pkey PRIMARY KEY (id);


--
-- Name: django_migrations django_migrations_pkey; Type: CONSTRAINT; Schema: public; Owner: postgres
--

ALTER TABLE ONLY public.django_migrations
    ADD CONSTRAINT django_migrations_pkey PRIMARY KEY (id);


--
-- Name: django_session django_session_pkey; Type: CONSTRAINT; Schema: public; Owner: postgres
--

ALTER TABLE ONLY public.django_session
    ADD CONSTRAINT django_session_pkey PRIMARY KEY (session_key);


--
-- Name: monitor_alert monitor_alert_pkey; Type: CONSTRAINT; Schema: public; Owner: postgres
--

ALTER TABLE ONLY public.monitor_alert
    ADD CONSTRAINT monitor_alert_pkey PRIMARY KEY (id);


--
-- Name: monitor_metric monitor_metric_pkey; Type: CONSTRAINT; Schema: public; Owner: postgres
--

ALTER TABLE ONLY public.monitor_metric
    ADD CONSTRAINT monitor_metric_pkey PRIMARY KEY (id);


--
-- Name: monitor_server monitor_server_pkey; Type: CONSTRAINT; Schema: public; Owner: postgres
--

ALTER TABLE ONLY public.monitor_server
    ADD CONSTRAINT monitor_server_pkey PRIMARY KEY (id);


--
-- Name: auth_group_name_a6ea08ec_like; Type: INDEX; Schema: public; Owner: postgres
--

CREATE INDEX auth_group_name_a6ea08ec_like ON public.auth_group USING btree (name varchar_pattern_ops);


--
-- Name: auth_group_permissions_group_id_b120cbf9; Type: INDEX; Schema: public; Owner: postgres
--

CREATE INDEX auth_group_permissions_group_id_b120cbf9 ON public.auth_group_permissions USING btree (group_id);


--
-- Name: auth_group_permissions_permission_id_84c5c92e; Type: INDEX; Schema: public; Owner: postgres
--

CREATE INDEX auth_group_permissions_permission_id_84c5c92e ON public.auth_group_permissions USING btree (permission_id);


--
-- Name: auth_permission_content_type_id_2f476e4b; Type: INDEX; Schema: public; Owner: postgres
--

CREATE INDEX auth_permission_content_type_id_2f476e4b ON public.auth_permission USING btree (content_type_id);


--
-- Name: auth_user_groups_group_id_97559544; Type: INDEX; Schema: public; Owner: postgres
--

CREATE INDEX auth_user_groups_group_id_97559544 ON public.auth_user_groups USING btree (group_id);


--
-- Name: auth_user_groups_user_id_6a12ed8b; Type: INDEX; Schema: public; Owner: postgres
--

CREATE INDEX auth_user_groups_user_id_6a12ed8b ON public.auth_user_groups USING btree (user_id);


--
-- Name: auth_user_user_permissions_permission_id_1fbb5f2c; Type: INDEX; Schema: public; Owner: postgres
--

CREATE INDEX auth_user_user_permissions_permission_id_1fbb5f2c ON public.auth_user_user_permissions USING btree (permission_id);


--
-- Name: auth_user_user_permissions_user_id_a95ead1b; Type: INDEX; Schema: public; Owner: postgres
--

CREATE INDEX auth_user_user_permissions_user_id_a95ead1b ON public.auth_user_user_permissions USING btree (user_id);


--
-- Name: auth_user_username_6821ab7c_like; Type: INDEX; Schema: public; Owner: postgres
--

CREATE INDEX auth_user_username_6821ab7c_like ON public.auth_user USING btree (username varchar_pattern_ops);


--
-- Name: django_admin_log_content_type_id_c4bce8eb; Type: INDEX; Schema: public; Owner: postgres
--

CREATE INDEX django_admin_log_content_type_id_c4bce8eb ON public.django_admin_log USING btree (content_type_id);


--
-- Name: django_admin_log_user_id_c564eba6; Type: INDEX; Schema: public; Owner: postgres
--

CREATE INDEX django_admin_log_user_id_c564eba6 ON public.django_admin_log USING btree (user_id);


--
-- Name: django_session_expire_date_a5c62663; Type: INDEX; Schema: public; Owner: postgres
--

CREATE INDEX django_session_expire_date_a5c62663 ON public.django_session USING btree (expire_date);


--
-- Name: django_session_session_key_c0390e0f_like; Type: INDEX; Schema: public; Owner: postgres
--

CREATE INDEX django_session_session_key_c0390e0f_like ON public.django_session USING btree (session_key varchar_pattern_ops);


--
-- Name: monitor_alert_Server_id_624005b2; Type: INDEX; Schema: public; Owner: postgres
--

CREATE INDEX "monitor_alert_Server_id_624005b2" ON public.monitor_alert USING btree (server_id);


--
-- Name: monitor_metric_server_id_0a0b3ab4; Type: INDEX; Schema: public; Owner: postgres
--

CREATE INDEX monitor_metric_server_id_0a0b3ab4 ON public.monitor_metric USING btree (server_id);


--
-- Name: auth_group_permissions auth_group_permissio_permission_id_84c5c92e_fk_auth_perm; Type: FK CONSTRAINT; Schema: public; Owner: postgres
--

ALTER TABLE ONLY public.auth_group_permissions
    ADD CONSTRAINT auth_group_permissio_permission_id_84c5c92e_fk_auth_perm FOREIGN KEY (permission_id) REFERENCES public.auth_permission(id) DEFERRABLE INITIALLY DEFERRED;


--
-- Name: auth_group_permissions auth_group_permissions_group_id_b120cbf9_fk_auth_group_id; Type: FK CONSTRAINT; Schema: public; Owner: postgres
--

ALTER TABLE ONLY public.auth_group_permissions
    ADD CONSTRAINT auth_group_permissions_group_id_b120cbf9_fk_auth_group_id FOREIGN KEY (group_id) REFERENCES public.auth_group(id) DEFERRABLE INITIALLY DEFERRED;


--
-- Name: auth_permission auth_permission_content_type_id_2f476e4b_fk_django_co; Type: FK CONSTRAINT; Schema: public; Owner: postgres
--

ALTER TABLE ONLY public.auth_permission
    ADD CONSTRAINT auth_permission_content_type_id_2f476e4b_fk_django_co FOREIGN KEY (content_type_id) REFERENCES public.django_content_type(id) DEFERRABLE INITIALLY DEFERRED;


--
-- Name: auth_user_groups auth_user_groups_group_id_97559544_fk_auth_group_id; Type: FK CONSTRAINT; Schema: public; Owner: postgres
--

ALTER TABLE ONLY public.auth_user_groups
    ADD CONSTRAINT auth_user_groups_group_id_97559544_fk_auth_group_id FOREIGN KEY (group_id) REFERENCES public.auth_group(id) DEFERRABLE INITIALLY DEFERRED;


--
-- Name: auth_user_groups auth_user_groups_user_id_6a12ed8b_fk_auth_user_id; Type: FK CONSTRAINT; Schema: public; Owner: postgres
--

ALTER TABLE ONLY public.auth_user_groups
    ADD CONSTRAINT auth_user_groups_user_id_6a12ed8b_fk_auth_user_id FOREIGN KEY (user_id) REFERENCES public.auth_user(id) DEFERRABLE INITIALLY DEFERRED;


--
-- Name: auth_user_user_permissions auth_user_user_permi_permission_id_1fbb5f2c_fk_auth_perm; Type: FK CONSTRAINT; Schema: public; Owner: postgres
--

ALTER TABLE ONLY public.auth_user_user_permissions
    ADD CONSTRAINT auth_user_user_permi_permission_id_1fbb5f2c_fk_auth_perm FOREIGN KEY (permission_id) REFERENCES public.auth_permission(id) DEFERRABLE INITIALLY DEFERRED;


--
-- Name: auth_user_user_permissions auth_user_user_permissions_user_id_a95ead1b_fk_auth_user_id; Type: FK CONSTRAINT; Schema: public; Owner: postgres
--

ALTER TABLE ONLY public.auth_user_user_permissions
    ADD CONSTRAINT auth_user_user_permissions_user_id_a95ead1b_fk_auth_user_id FOREIGN KEY (user_id) REFERENCES public.auth_user(id) DEFERRABLE INITIALLY DEFERRED;


--
-- Name: django_admin_log django_admin_log_content_type_id_c4bce8eb_fk_django_co; Type: FK CONSTRAINT; Schema: public; Owner: postgres
--

ALTER TABLE ONLY public.django_admin_log
    ADD CONSTRAINT django_admin_log_content_type_id_c4bce8eb_fk_django_co FOREIGN KEY (content_type_id) REFERENCES public.django_content_type(id) DEFERRABLE INITIALLY DEFERRED;


--
-- Name: django_admin_log django_admin_log_user_id_c564eba6_fk_auth_user_id; Type: FK CONSTRAINT; Schema: public; Owner: postgres
--

ALTER TABLE ONLY public.django_admin_log
    ADD CONSTRAINT django_admin_log_user_id_c564eba6_fk_auth_user_id FOREIGN KEY (user_id) REFERENCES public.auth_user(id) DEFERRABLE INITIALLY DEFERRED;


--
-- Name: monitor_alert monitor_alert_server_id_66c54d91_fk_monitor_server_id; Type: FK CONSTRAINT; Schema: public; Owner: postgres
--

ALTER TABLE ONLY public.monitor_alert
    ADD CONSTRAINT monitor_alert_server_id_66c54d91_fk_monitor_server_id FOREIGN KEY (server_id) REFERENCES public.monitor_server(id) DEFERRABLE INITIALLY DEFERRED;


--
-- Name: monitor_metric monitor_metric_server_id_0a0b3ab4_fk_monitor_server_id; Type: FK CONSTRAINT; Schema: public; Owner: postgres
--

ALTER TABLE ONLY public.monitor_metric
    ADD CONSTRAINT monitor_metric_server_id_0a0b3ab4_fk_monitor_server_id FOREIGN KEY (server_id) REFERENCES public.monitor_server(id) DEFERRABLE INITIALLY DEFERRED;


--
-- Name: Alert server_id; Type: FK CONSTRAINT; Schema: public; Owner: postgres
--

ALTER TABLE ONLY public."Alert"
    ADD CONSTRAINT server_id FOREIGN KEY (server_id) REFERENCES public."Server"(id);


--
-- Name: Metric server_id; Type: FK CONSTRAINT; Schema: public; Owner: postgres
--

ALTER TABLE ONLY public."Metric"
    ADD CONSTRAINT server_id FOREIGN KEY (server_id) REFERENCES public."Server"(id);


--
-- PostgreSQL database dump complete
--

